{
    "rmse": 0.6581650711451066,
    "mae": 0.4649272440624869,
    "r2": 0.5590802098794673
}